CustomerID,TotalSpending,NumberOfPurchases,PurchaseFrequency,AverageOrderValue,Recency
1,7745.84,6,0.32,1154.47,41
2,6949.95,8,0.17,1010.97,14
3,6031.65,6,0.64,983.18,101
4,14161.4,14,0.72,1218.96,10
5,6663.95,14,0.4,597.71,107
6,75990.47,40,1.59,1865.96,3
7,1492.01,7,0.38,201.22,115
8,2763.92,4,0.31,607.97,51
9,3046.4,4,0.15,713.21,137
10,16310.51,17,0.35,787.51,95
11,9896.99,11,0.27,957.43,41
12,2998.34,9,0.38,292.75,123
13,7274.72,7,0.35,1214.79,61
14,2087.67,6,0.2,288.21,167
15,7189.42,14,0.57,582.65,105
16,11367.16,18,0.53,793.9,27
17,27500.01,25,1.69,1144.55,11
18,96178.94,42,1.29,1853.42,30
19,603.13,1,0.32,592.18,69
20,6686.13,16,0.27,555.97,65
21,3139.44,5,0.24,781.73,85
22,18798.33,22,0.43,1028.52,29
23,5107.86,9,0.17,747.02,193
24,1869.74,5,0.4,305.64,101
25,87995.2,49,1.65,2205.64,35
26,6607.41,11,0.47,701.8,87
27,14541.36,12,0.9,1127.3,61
28,17770.67,22,0.32,878.91,41
29,13977.09,13,0.2,1009.02,10
30,7884.5,7,0.54,1266.65,19
31,9910.55,10,0.58,1137.18,83
32,11113.64,19,0.64,630.89,22
33,7256.48,7,0.22,1089.7,92
34,5064.89,9,0.55,686.22,34
35,72122.03,47,1.16,1299.69,5
36,9242.4,7,0.78,1069.54,79
37,1220.64,4,0.23,258.1,164
38,1357.88,3,0.14,396.33,139
39,21712.49,19,0.9,1111.76,103
40,852.78,3,0.44,273.43,95
41,9760.91,16,0.51,504.31,84
42,7481.2,7,0.79,1362.74,20
43,53430.5,33,0.87,1546.04,37
44,24852.98,19,0.54,1074.5,82
45,11615.77,16,0.25,676.75,60
46,4581.33,8,0.9,458.85,89
47,63083.24,31,1.9,1709.42,9
48,2216.16,6,0.38,335.24,152
49,12235.99,22,0.57,457.43,114
50,28475.18,26,1.61,1323.15,7
51,15977.19,12,0.67,1131.73,36
52,19572.43,14,0.19,1310.07,118
53,134.18,1,0.3,152.3,73
54,4314.71,9,0.03,608.68,183
55,1247.53,3,0.27,504.63,134
56,46930.8,37,1.85,1483.44,3
57,6742.81,9,0.81,785.99,81
58,16460.28,10,0.8,1329.48,40
59,1111.45,7,0.36,166.11,125
60,8607.97,13,0.68,703.47,110
61,69944.34,48,1.02,1255.89,30
62,588.3,4,0.2,165.38,89
63,63473.0,35,1.1,1461.83,33
64,4133.92,6,0.28,559.57,43
65,8298.19,9,0.7,1016.74,54
66,9511.1,22,0.29,559.86,83
67,35682.16,22,0.67,1329.3,78
68,1872.44,4,0.43,386.74,57
69,11055.38,9,0.53,1133.77,48
70,17876.12,15,0.47,976.69,34
71,13281.38,11,0.45,1034.74,48
72,9385.24,12,0.6,858.39,84
73,12889.18,12,0.83,935.62,111
74,28576.95,23,1.45,1354.06,43
75,1935.04,4,0.37,587.32,97
76,107550.16,48,1.18,1878.04,5
77,18106.79,18,0.26,919.66,41
78,1612.36,2,0.1,655.97,96
79,5599.7,7,0.24,979.54,118
80,34445.51,22,0.39,1388.5,86
81,15611.75,22,0.48,855.4,80
82,2264.11,8,0.38,318.47,103
83,4935.2,8,0.21,557.39,110
84,9954.17,16,0.21,753.72,79
85,10262.99,10,0.46,1121.1,18
86,5135.92,7,0.44,646.49,63
87,532.24,1,0.19,706.88,187
88,25502.52,18,0.46,1260.78,116
89,9082.13,13,0.48,913.82,44
90,16669.76,18,0.5,1137.97,117
91,6008.76,6,0.57,1311.58,85
92,11965.28,10,0.19,1273.51,33
93,15111.68,16,0.36,770.63,58
94,8967.58,8,0.55,896.79,105
95,7301.0,8,0.18,1192.17,93
96,6770.46,6,0.24,1040.27,40
97,8923.83,12,0.73,891.78,42
98,8603.43,9,0.87,1188.9,30
99,74631.78,37,1.09,1821.27,25
100,36841.63,33,1.78,1063.04,20
101,125605.67,54,1.3,2152.22,23
102,28810.99,39,1.73,920.24,27
103,4931.05,8,0.1,609.75,151
104,16555.92,21,0.7,891.63,115
105,650.91,2,0.13,331.3,155
106,11648.74,18,0.79,769.58,73
107,9615.39,14,0.68,773.32,86
108,35125.1,30,1.23,1036.98,27
109,15831.01,21,0.22,875.77,12
110,16462.07,15,0.5,1080.76,57
111,10987.89,16,0.35,784.22,68
112,46153.65,30,1.93,1404.88,35
113,65228.91,48,1.96,1342.4,38
114,9378.82,9,0.32,1241.0,47
115,58861.28,52,1.96,1102.53,3
116,12527.68,10,0.52,1055.98,106
117,14738.35,21,0.29,904.78,53
118,1411.36,8,0.2,224.16,56
119,3751.06,7,0.57,594.14,113
120,1174.57,2,0.28,512.75,146
121,18639.98,22,0.37,811.36,66
122,8150.43,7,0.22,1029.15,104
123,15475.81,14,0.33,1077.41,30
124,54650.46,44,1.2,1620.81,39
125,14532.65,15,0.2,1117.84,68
126,8448.25,12,0.32,853.88,79
127,5424.48,10,0.74,517.84,31
128,2394.68,5,0.32,435.45,159
129,3471.53,9,0.06,500.99,152
130,20158.68,16,0.22,1023.53,13
131,830.21,1,0.37,799.72,212
132,1215.79,3,0.22,455.83,206
133,3879.22,7,0.44,562.61,165
134,16617.96,16,0.27,1086.63,119
135,17478.17,18,0.18,1222.89,80
136,14350.71,9,0.8,1371.68,61
137,79345.71,52,0.78,1639.16,4
138,4201.45,8,0.14,643.99,92
139,10324.86,21,0.61,565.35,90
140,60885.34,53,0.64,921.88,27
141,6119.74,8,0.38,765.59,205
142,6791.73,9,0.38,608.52,146
143,9688.7,10,0.53,814.41,86
144,3730.35,5,0.17,652.24,146
145,4484.5,6,0.78,718.7,48
146,8969.14,10,0.41,874.22,71
147,23234.09,20,0.89,1336.21,34
148,11268.1,19,0.5,491.46,105
149,11347.56,10,0.24,920.56,14
150,13889.36,9,0.22,1280.48,66
151,33080.11,27,1.95,1555.97,42
152,1462.05,5,0.2,370.06,217
153,27582.54,18,0.69,1356.43,90
154,667.39,1,0.3,551.35,100
155,952.26,2,0.35,432.08,65
156,64626.4,28,0.57,2010.4,2
157,15087.05,17,0.55,859.15,41
158,838.75,3,0.4,263.8,196
159,5885.43,10,0.34,670.58,91
160,86618.24,47,1.32,2341.94,44
161,2765.55,5,0.32,565.31,148
162,23508.07,18,0.33,1260.67,23
163,6266.26,15,0.64,470.84,116
164,11065.85,7,0.52,1315.09,105
165,11279.31,13,0.31,1026.71,55
166,9468.28,10,0.63,1046.84,90
167,17790.06,17,0.83,1145.74,21
168,6443.39,12,0.81,575.55,79
169,21197.57,14,0.84,1238.95,42
170,3126.02,5,0.37,635.26,126
171,89856.98,32,1.97,2276.22,44
172,1275.08,6,0.04,208.7,141
173,13170.17,14,0.63,1005.33,115
174,10496.86,21,0.4,473.77,81
175,21241.8,20,0.64,1313.92,48
176,24061.39,20,0.67,1386.98,32
177,17415.16,18,0.86,880.96,95
178,12842.66,10,0.22,1291.14,93
179,6548.89,14,0.31,481.08,57
180,11113.34,17,0.43,544.39,97
181,7099.23,7,0.88,828.23,34
182,1435.21,2,0.3,580.8,204
183,42884.81,39,1.68,1289.71,9
184,2219.86,9,0.37,284.65,95
185,336.87,1,0.44,330.23,77
186,1077.2,2,0.09,579.69,46
187,1077.76,6,0.05,160.26,107
188,7557.58,8,0.42,902.43,109
189,21107.75,13,0.7,1348.14,15
190,13137.58,15,0.2,885.14,13
191,6514.28,9,0.21,915.76,66
192,4669.29,8,0.62,569.88,89
193,12844.09,22,0.6,730.15,74
194,6647.15,9,0.21,618.55,95
195,15968.9,20,0.22,828.79,103
196,18061.62,17,0.84,1355.91,97
197,885.72,2,0.37,430.72,135
198,18821.36,16,0.42,1086.51,62
199,624.97,1,0.16,779.46,193
200,9934.18,10,0.79,1073.9,38
201,10195.63,9,0.32,1174.48,83
202,5453.7,6,0.77,1028.55,94
203,104102.17,37,0.51,2374.46,23
204,7109.83,18,0.62,516.11,104
205,1475.57,4,0.17,394.53,156
206,1533.68,2,0.1,724.17,79
207,11840.06,14,0.51,870.96,64
208,13372.94,22,0.23,558.13,65
209,29618.41,22,0.32,1083.78,15
210,48510.1,31,1.65,1382.27,14
211,3352.94,9,0.47,457.34,105
212,11151.18,13,0.65,925.25,116
213,7146.4,7,0.84,864.41,68
214,19271.72,18,0.37,1124.02,63
215,2203.38,3,0.22,670.86,198
216,22608.65,19,0.48,1252.26,41
217,64599.81,37,1.0,2093.29,15
218,7939.99,9,0.83,954.07,34
219,762.05,3,0.14,303.57,77
220,29347.86,22,1.24,1183.43,41
221,5895.44,8,0.3,592.74,184
222,10118.27,16,0.5,593.41,18
223,369.66,1,0.16,378.76,58
224,36949.82,36,1.42,1022.77,6
225,5183.51,7,0.58,877.25,113
226,15082.52,22,0.49,593.32,17
227,1055.15,2,0.05,477.96,84
228,5329.22,9,0.18,489.79,80
229,18809.58,16,0.74,1094.95,16
230,47838.95,24,0.93,1792.74,25
231,9264.52,10,0.65,766.69,84
232,9323.94,18,0.85,572.5,100
233,23933.22,16,0.68,1222.53,95
234,1765.66,9,0.21,210.74,211
235,14787.51,11,0.86,1353.61,53
236,4780.99,10,0.78,597.2,47
237,1663.53,9,0.4,174.54,126
238,6418.15,10,0.67,604.13,116
239,1239.9,8,0.31,178.4,133
240,17768.69,15,0.49,1164.77,110
241,33628.82,21,0.43,1308.78,34
242,4989.55,8,0.24,650.14,137
243,50803.19,30,1.81,2182.01,9
244,16737.93,17,0.68,976.81,23
245,49108.39,23,1.17,2120.99,18
246,1824.64,2,0.37,765.17,96
247,1218.76,7,0.19,184.62,168
248,32510.85,32,1.76,945.1,7
249,429.93,3,0.32,174.9,160
250,3774.28,8,0.04,549.98,60
251,65228.78,51,0.86,1577.21,19
252,10686.38,20,0.83,509.67,117
253,68324.03,50,0.94,1820.08,10
254,14762.57,19,0.21,627.95,95
255,85351.23,51,1.33,1770.53,33
256,23098.32,18,0.71,1381.99,42
257,71200.35,33,0.66,2072.71,41
258,574.76,3,0.17,178.82,179
259,7281.52,8,0.3,787.53,162
260,38307.05,47,0.57,959.17,13
261,49026.43,37,1.21,1724.61,35
262,12758.57,15,0.19,789.13,109
263,17608.69,17,0.71,865.1,61
264,11641.89,11,0.43,921.39,73
265,11384.91,8,0.47,1140.73,20
266,45700.63,36,0.99,1413.94,6
267,8913.22,19,0.41,608.31,66
268,4089.47,6,0.15,549.65,151
269,1349.06,2,0.18,586.27,143
270,3405.22,6,0.66,585.64,87
271,86718.01,33,1.04,2145.62,24
272,60690.81,27,1.06,1986.5,24
273,15369.69,22,0.64,798.6,50
274,39841.93,29,1.87,1698.47,25
275,2798.0,8,0.15,289.47,196
276,6249.13,9,0.49,578.94,19
277,10578.95,8,0.89,1219.99,118
278,5000.57,9,0.39,502.41,116
279,2482.28,3,0.12,665.9,170
280,2750.92,4,0.18,663.74,46
281,9788.35,10,0.2,1031.35,21
282,3095.27,8,0.38,491.7,144
283,720.51,2,0.25,442.48,214
284,4148.17,9,0.35,565.87,86
285,7223.57,7,0.26,1239.82,76
286,11874.4,13,0.82,778.72,76
287,6345.64,14,0.61,568.91,48
288,6448.47,10,0.69,612.64,89
289,840.35,1,0.06,686.4,47
290,3065.36,5,0.2,573.23,186
291,18319.02,15,0.51,1059.81,48
292,12814.01,15,0.19,880.87,98
293,10291.2,12,0.38,773.18,28
294,4739.19,6,0.35,783.99,73
295,44574.24,33,1.17,1646.36,18
296,113383.16,42,0.87,2282.66,27
297,75476.93,38,0.78,2394.0,21
298,3015.97,8,0.24,474.19,118
299,21191.1,20,0.59,1368.35,37
300,14627.43,21,0.79,721.46,11
301,3008.5,6,0.05,646.51,133
302,16172.88,17,0.44,975.56,19
303,5909.44,9,0.45,572.23,22
304,18864.31,17,0.6,1167.22,35
305,22601.55,20,1.71,1119.26,22
306,53175.44,50,0.98,1123.65,40
307,15456.53,15,0.77,1014.04,74
308,2492.7,5,0.18,458.68,44
309,3501.27,5,0.29,667.89,216
310,14938.12,13,0.51,1135.33,84
311,1784.88,7,0.13,246.05,214
312,620.98,4,0.21,162.31,120
313,29174.23,22,0.8,1186.22,70
314,48625.48,26,0.99,1729.89,36
315,20027.59,16,0.83,1358.85,68
316,12821.32,14,0.87,1029.57,34
317,19557.4,15,0.31,1182.62,100
318,14929.72,17,0.69,982.46,111
319,28740.41,18,0.76,1300.97,60
320,861.17,5,0.18,177.34,60
321,16689.37,21,0.55,653.29,115
322,4824.56,10,0.59,553.77,104
323,13982.92,22,0.19,664.39,39
324,1215.4,2,0.03,592.77,75
325,3416.47,7,0.23,574.38,161
326,1599.89,6,0.41,335.52,55
327,10779.84,7,0.46,1317.57,32
328,672.97,1,0.36,798.16,141
329,3784.39,5,0.16,719.88,42
330,2003.67,6,0.26,334.97,204
331,3741.85,9,0.37,454.21,89
332,3534.02,5,0.34,617.09,43
333,7050.93,12,0.63,616.72,119
334,10570.01,16,0.22,532.4,95
335,6687.29,13,0.33,456.49,59
336,2846.09,5,0.03,528.6,186
337,7231.8,7,0.38,1084.4,69
338,14886.82,15,0.84,1105.78,91
339,19862.56,13,0.26,1359.49,71
340,24424.2,19,0.72,1116.84,70
341,1873.64,4,0.4,592.22,192
342,10376.27,17,0.23,524.2,82
343,2459.29,4,0.1,522.26,78
344,13643.28,12,0.22,1131.07,72
345,1469.03,8,0.22,235.76,146
346,12818.27,15,0.34,1137.12,60
347,4025.38,8,0.68,493.03,54
348,52028.11,22,0.55,2477.82,31
349,3328.12,7,0.22,393.4,137
350,7175.97,8,0.81,1098.59,94
351,432.89,2,0.2,266.01,177
352,711.79,1,0.22,641.52,116
353,18354.85,18,0.5,1232.19,41
354,26953.22,25,1.13,951.55,43
355,234.97,1,0.07,306.43,57
356,4142.89,7,0.45,682.5,15
357,4931.75,7,0.33,583.13,47
358,10915.71,16,0.89,675.06,28
359,8574.05,14,0.81,507.91,85
360,22686.13,19,0.88,978.06,16
361,14904.47,22,0.46,752.8,63
362,95142.99,52,0.95,1657.63,15
363,421.23,1,0.26,515.55,146
364,10755.74,12,0.84,763.75,20
365,30990.51,30,1.51,982.46,25
366,2771.31,4,0.33,673.02,190
367,9978.29,16,0.31,738.03,11
368,5075.27,8,0.28,744.39,218
369,3285.82,9,0.19,359.05,112
370,12761.37,14,0.5,791.66,73
371,3451.5,6,0.16,744.31,134
372,500.69,3,0.42,160.54,181
373,7424.55,10,0.43,636.38,39
374,12353.38,16,0.52,694.46,115
375,2303.37,8,0.1,259.35,130
376,8110.97,7,0.79,947.75,117
377,3959.62,6,0.62,841.77,117
378,56633.08,31,0.59,1709.17,24
379,4747.79,8,0.03,578.53,44
380,79521.73,51,1.97,2055.51,35
381,3765.75,7,0.07,674.01,85
382,50147.38,30,1.72,1891.65,17
383,28815.31,17,0.57,1361.33,68
384,6562.04,8,0.64,1071.05,119
385,19331.28,18,0.63,975.07,17
386,102492.66,45,1.35,1931.85,22
387,143156.01,51,0.82,2370.64,15
388,2323.11,8,0.32,326.21,59
389,5344.72,7,0.39,620.39,118
390,20871.53,18,0.27,1332.43,48
391,4658.41,7,0.17,590.07,178
392,37898.33,23,0.58,1701.27,23
393,3091.78,6,0.43,543.36,197
394,521.65,1,0.24,562.18,155
395,1502.53,7,0.31,270.73,189
396,13777.48,13,0.35,1127.45,20
397,1505.84,3,0.18,630.78,121
398,2437.75,8,0.07,383.95,109
399,18927.71,22,0.22,837.64,13
400,19188.08,16,0.37,1270.53,11
401,103899.48,53,1.36,2348.33,16
402,5514.21,10,0.52,705.47,44
403,12227.33,19,0.21,734.76,110
404,17415.05,21,0.49,1014.12,35
405,72704.38,43,1.07,1431.55,40
406,24367.56,19,0.64,1224.7,120
407,13406.06,12,0.87,905.06,32
408,26974.74,21,0.33,1369.37,110
409,3384.82,7,0.11,387.26,184
410,42726.24,53,1.91,943.07,30
411,1118.46,2,0.31,682.33,144
412,14133.94,14,0.47,1075.73,101
413,25493.71,21,0.53,1003.13,78
414,9721.24,7,0.68,1201.18,56
415,4109.96,8,0.64,553.9,41
416,6549.33,7,0.66,985.06,92
417,1540.23,7,0.14,218.86,65
418,12374.82,13,0.5,873.49,60
419,6981.71,10,0.51,777.72,13
420,415.51,2,0.18,225.45,76
421,4638.54,9,0.07,463.9,161
422,4477.93,8,0.68,735.25,113
423,11022.69,9,0.85,1093.28,31
424,7281.45,11,0.87,764.44,64
425,5273.99,11,0.47,627.07,94
426,11602.59,12,0.44,877.1,64
427,6737.59,8,0.8,998.48,112
428,11319.87,20,0.8,558.26,95
429,17180.28,18,0.24,1030.74,85
430,16269.95,11,0.75,1223.05,100
431,6290.6,10,0.38,747.53,40
432,16971.17,22,0.25,819.04,86
433,87421.18,52,1.9,2009.49,42
434,42898.0,36,1.76,1124.47,21
435,572.84,1,0.37,465.0,89
436,20605.36,21,0.46,838.68,72
437,7076.09,8,0.72,987.13,111
438,10393.47,15,0.57,609.8,68
439,12530.48,22,0.35,557.55,24
440,5981.62,9,0.35,684.7,50
441,9085.96,19,0.64,547.3,116
442,350.98,1,0.39,442.33,129
443,1463.76,2,0.12,654.16,100
444,13355.97,19,0.74,607.68,27
445,2713.5,6,0.26,495.98,192
446,2845.5,5,0.44,522.28,171
447,84827.02,44,1.8,2370.03,18
448,1108.39,4,0.38,245.06,122
449,11759.39,21,0.35,585.06,90
450,8115.03,8,0.36,832.71,105
451,18753.19,21,0.8,760.92,10
452,70381.15,47,1.04,1915.74,45
453,14534.42,12,0.31,1369.72,115
454,3012.26,6,0.27,505.75,73
455,3385.69,7,0.74,493.65,90
456,43346.19,28,1.99,1606.06,1
457,2639.74,3,0.1,723.4,117
458,12564.45,17,0.65,687.87,57
459,60687.15,37,1.14,2061.58,15
460,52050.78,31,1.39,1662.89,9
461,7865.72,6,0.24,1110.82,114
462,12524.83,21,0.22,517.29,59
463,109529.73,41,1.07,2309.58,9
464,627.16,3,0.03,194.47,184
465,13289.08,12,0.84,1046.68,29
466,5184.56,12,0.26,532.35,22
467,4069.43,6,0.36,776.11,120
468,11320.37,13,0.69,975.73,86
469,597.87,1,0.4,701.13,208
470,15901.45,12,0.63,1160.45,47
471,2016.97,4,0.13,471.68,68
472,52672.38,18,0.7,2479.01,21
473,20216.9,17,0.72,969.04,32
474,409.43,1,0.14,531.79,43
475,83378.42,43,1.57,1710.58,41
476,7858.1,18,0.55,528.31,78
477,32706.95,23,1.96,1718.09,14
478,6989.29,8,0.7,744.66,65
479,57704.3,23,1.18,2379.4,8
480,4683.81,11,0.25,563.47,100
481,14158.89,17,0.77,946.86,110
482,12271.59,14,0.73,1146.29,25
483,2546.52,5,0.33,490.51,107
484,83410.01,47,1.25,1717.25,4
485,13395.38,14,0.66,1184.66,83
486,176.1,1,0.13,178.62,43
487,7139.81,10,0.18,620.01,119
488,2299.71,7,0.2,295.93,103
489,9540.12,8,0.53,992.96,25
490,123784.59,51,0.6,2470.26,26
491,10665.96,15,0.49,760.94,80
492,18081.58,15,0.5,1152.6,41
493,11997.82,12,0.72,1145.84,79
494,48292.65,44,1.02,938.26,35
495,1013.52,6,0.19,150.95,208
496,14077.84,12,0.46,953.32,40
497,1590.98,3,0.05,612.57,63
498,4764.26,7,0.22,605.55,135
499,13273.54,22,0.45,576.84,114
500,40332.59,26,1.78,1278.83,17
501,14703.45,16,0.33,752.15,44
502,58086.71,55,0.75,1074.36,7
503,22803.14,17,0.49,1366.4,36
504,556.58,2,0.16,252.45,215
505,16505.78,12,0.26,1244.13,51
506,3928.19,7,0.16,483.75,213
507,85302.31,43,1.62,2267.36,36
508,7017.98,10,0.77,565.38,17
509,50934.86,43,1.91,1495.58,41
510,4040.55,8,0.3,470.71,18
511,1803.14,2,0.08,738.3,124
512,80980.63,54,1.24,1593.05,26
513,10817.55,17,0.36,653.98,33
514,65495.2,33,1.12,1935.65,32
515,63132.31,35,0.8,1512.82,27
516,8254.89,6,0.69,1389.93,110
517,3947.58,6,0.17,743.24,168
518,37747.12,32,0.59,946.89,18
519,15564.73,13,0.34,1375.28,22
520,10217.32,7,0.58,1175.85,38
521,7598.65,11,0.39,617.3,85
522,6923.07,6,0.86,1118.28,55
523,14880.28,12,0.81,1244.86,113
524,8772.27,21,0.32,486.07,17
525,3742.69,6,0.3,765.15,88
526,1368.47,6,0.28,188.71,77
527,7795.74,9,0.19,709.44,58
528,5741.26,9,0.25,769.73,51
529,4717.53,8,0.33,571.97,84
530,1662.96,6,0.37,295.1,190
531,1425.0,5,0.43,232.78,40
532,5380.26,7,0.84,622.98,50
533,9513.13,9,0.4,1339.85,28
534,10580.92,16,0.77,609.49,21
535,2897.03,6,0.12,440.31,107
536,11396.83,9,0.44,1134.39,16
537,3088.25,7,0.18,470.5,136
538,784.27,4,0.37,255.73,58
539,98347.45,34,1.01,2422.66,5
540,48532.51,22,1.01,1775.27,6
541,514.23,1,0.1,430.36,207
542,35242.44,24,1.11,1429.75,13
543,2315.51,9,0.15,322.42,112
544,9933.89,21,0.15,595.91,56
545,2392.97,8,0.12,279.79,46
546,5506.42,8,0.36,698.45,118
547,978.73,5,0.19,209.24,179
548,8471.69,11,0.48,873.49,43
549,196.81,1,0.31,248.23,218
550,20348.39,19,0.32,1372.17,85
551,22718.35,22,0.67,847.7,78
552,13808.02,13,0.45,902.45,20
553,134000.54,54,1.52,2340.73,37
554,62471.44,46,1.96,1176.61,11
555,57615.16,45,1.15,1025.39,44
556,8268.08,14,0.84,753.76,103
557,17173.16,18,0.36,974.45,119
558,4881.03,9,0.2,658.1,68
559,13666.63,9,0.73,1328.68,82
560,4292.62,6,0.19,720.63,107
561,4528.47,7,0.26,613.59,61
562,4479.02,7,0.67,826.0,52
563,20907.23,14,0.4,1302.18,12
564,31472.95,21,0.22,1265.32,97
565,94275.2,46,0.9,2138.45,21
566,10354.49,12,0.46,869.63,115
567,16368.08,17,0.74,1229.97,75
568,1274.54,7,0.4,238.17,174
569,52079.32,30,0.55,2239.16,16
570,8084.15,12,0.5,710.28,115
571,257.73,1,0.28,307.26,165
572,2986.29,9,0.38,377.34,81
573,789.22,2,0.05,335.3,138
574,2413.73,4,0.12,707.12,205
575,11259.16,22,0.88,469.05,109
576,9179.1,10,0.75,1065.0,86
577,16262.47,15,0.63,1127.1,100
578,16397.35,17,0.5,886.05,37
579,4010.54,7,0.24,529.92,41
580,2778.36,6,0.29,514.95,192
581,37355.47,22,1.46,1438.05,18
582,11319.48,15,0.72,628.94,76
583,3093.18,7,0.09,579.34,214
584,11683.37,15,0.45,696.45,63
585,9473.37,12,0.32,776.01,101
586,3420.4,6,0.38,479.75,83
587,40849.11,24,1.59,1653.25,17
588,3873.84,6,0.18,575.38,96
589,15106.05,16,0.37,803.1,84
590,8509.82,8,0.53,898.61,34
591,15747.62,15,0.26,842.45,119
592,13356.03,20,0.69,586.06,120
593,7293.79,11,0.15,747.74,17
594,1781.14,3,0.24,524.58,80
595,85138.06,45,1.14,1913.58,26
596,75816.16,52,1.93,1219.06,24
597,2752.78,9,0.03,273.87,213
598,13252.92,17,0.44,746.49,23
599,27821.87,20,1.18,1377.12,19
600,29510.52,19,0.41,1293.58,27
601,6291.16,12,0.45,606.64,113
602,719.18,3,0.28,287.27,45
603,5743.07,7,0.34,806.43,91
604,31848.89,21,1.75,1959.15,42
605,76390.16,46,0.88,1508.41,36
606,4461.21,6,0.23,736.06,94
607,8977.82,10,0.53,847.88,23
608,7321.42,9,0.3,922.85,87
609,7297.02,12,0.37,790.03,62
610,9952.28,12,0.4,1103.79,71
611,13706.16,9,0.52,1243.47,95
612,1330.17,2,0.41,620.32,65
613,8803.72,15,0.22,700.92,16
614,59487.38,36,0.97,1476.34,44
615,15293.13,20,1.5,915.48,9
616,21621.68,20,0.81,1357.33,44
617,595.31,3,0.43,223.99,142
618,21174.75,21,0.81,1209.9,93
619,62548.1,21,0.66,2470.51,11
620,13136.82,20,0.73,622.2,58
621,1330.26,3,0.08,464.0,164
622,72122.73,34,1.56,1947.96,1
623,3172.54,4,0.4,785.63,211
624,7153.06,9,0.34,861.21,103
625,13237.53,18,0.57,591.22,115
626,56687.59,28,1.78,1708.91,31
627,53671.35,49,1.96,1413.01,22
628,14577.56,18,0.21,833.11,40
629,12539.89,8,0.39,1263.76,67
630,222.04,1,0.05,216.72,145
631,3955.19,5,0.12,728.57,183
632,3772.68,6,0.38,686.45,97
633,3975.84,8,0.33,615.83,133
634,746.37,4,0.38,151.43,130
635,14739.68,22,0.18,805.2,23
636,38192.95,44,0.79,1071.14,40
637,1437.6,4,0.33,447.08,88
638,11127.53,9,0.49,1183.54,67
639,11612.2,21,0.19,454.12,104
640,5026.58,8,0.32,750.84,85
641,732.04,2,0.28,401.81,193
642,4883.36,7,0.35,786.68,217
643,2335.64,5,0.09,444.35,74
644,2810.33,9,0.26,344.29,219
645,5592.0,9,0.12,561.18,91
646,11595.94,10,0.88,1382.27,93
647,17820.72,16,0.41,1124.84,107
648,24630.78,19,0.55,1090.53,117
649,4410.36,6,0.44,946.59,13
650,80250.91,35,1.98,2100.3,11
651,42970.74,21,0.81,2004.95,19
652,12944.1,20,0.7,547.36,96
653,4166.6,9,0.36,402.78,170
654,10652.45,7,0.46,1330.16,59
655,3833.06,7,0.3,462.32,42
656,5923.08,8,0.33,689.49,202
657,6986.18,9,0.36,629.99,90
658,12743.51,11,0.29,1384.28,19
659,7168.09,18,0.57,488.6,45
660,5274.76,14,0.68,455.36,69
661,76196.17,38,1.42,1855.01,41
662,7591.07,17,0.39,519.24,100
663,48355.45,22,1.12,2158.01,11
664,68877.35,32,1.0,2313.43,43
665,24593.63,22,0.77,901.11,81
666,68430.58,40,1.42,1613.07,42
667,2435.38,6,0.19,397.89,69
668,27200.37,22,0.54,1231.0,57
669,15467.83,15,0.39,1303.37,34
670,98926.83,52,0.6,1753.13,41
671,5344.16,7,0.26,693.18,92
672,3300.77,7,0.34,570.26,58
673,8919.76,16,0.19,485.99,19
674,18214.09,13,0.44,1315.44,62
675,5268.07,6,0.55,820.03,25
676,7821.95,7,0.42,1115.84,19
677,14913.87,15,0.72,1026.24,46
678,6068.18,6,0.31,900.29,78
679,3348.26,9,0.09,341.74,202
680,4761.42,6,0.26,772.3,42
681,40001.13,18,1.31,1816.35,26
682,9090.62,17,0.79,651.15,92
683,42556.61,34,1.51,1210.92,12
684,94267.74,53,0.61,1638.02,36
685,12695.14,12,0.86,1139.31,72
686,5999.69,13,0.2,545.04,89
687,13688.77,16,0.67,1035.53,49
688,19008.53,16,0.15,1360.73,31
689,15121.77,19,0.25,712.85,56
690,2828.22,8,0.23,439.48,118
691,11953.65,8,0.77,1249.7,119
692,48393.65,22,1.77,2063.88,2
693,4667.23,7,0.41,649.98,94
694,19383.29,21,0.42,1071.21,29
695,1123.95,5,0.24,237.02,168
696,17825.57,13,0.89,1255.58,113
697,1363.57,3,0.27,440.04,85
698,1451.88,3,0.42,628.35,163
699,827.79,4,0.13,190.86,134
700,10715.97,17,0.81,818.69,68
701,8926.84,9,0.63,1118.55,76
702,4369.87,9,0.3,520.6,136
703,6483.82,8,0.88,940.83,58
704,11685.79,17,0.82,912.52,71
705,1835.26,8,0.25,257.64,59
706,39658.91,28,1.49,1479.56,8
707,8537.71,9,0.51,907.44,71
708,9368.64,19,0.25,471.32,15
709,40104.9,50,0.72,962.71,37
710,7434.33,9,0.44,772.85,193
711,4771.89,5,0.22,765.72,95
712,1007.06,3,0.28,292.59,145
713,1851.93,3,0.14,555.09,170
714,19169.62,20,0.32,1016.71,18
715,60594.23,30,1.53,1736.34,33
716,11797.02,11,0.6,902.08,88
717,5097.53,9,0.25,538.53,94
718,3763.79,7,0.4,489.33,134
719,29040.11,21,0.41,1200.08,58
720,739.03,2,0.23,426.57,105
721,2275.49,5,0.2,538.89,179
722,492.84,1,0.25,525.69,70
723,14431.1,16,0.27,838.4,23
724,20434.78,19,0.36,986.44,88
725,3330.92,7,0.23,508.87,182
726,21445.3,14,0.41,1389.08,83
727,1557.91,2,0.36,636.08,154
728,81437.41,50,1.7,1540.9,22
729,3356.33,7,0.15,602.7,91
730,37009.37,45,0.83,1041.03,17
731,101395.9,42,1.42,2389.1,26
732,741.38,1,0.3,764.72,84
733,15961.27,22,0.74,721.71,14
734,8996.89,11,0.33,1090.32,56
735,71608.45,35,1.5,2147.48,23
736,7071.58,6,0.84,1150.08,18
737,7760.22,9,0.18,744.76,129
738,9320.0,12,0.58,882.02,61
739,10799.04,9,0.37,980.7,74
740,3494.43,5,0.14,719.47,187
741,28229.77,21,0.4,1181.47,106
742,5811.27,6,0.2,907.87,43
743,2702.54,4,0.43,670.1,145
744,49591.64,34,1.1,1297.21,6
745,10295.99,11,0.31,902.73,55
746,44380.6,30,0.85,1698.4,13
747,7752.78,13,0.78,642.63,41
748,1490.76,2,0.43,748.12,213
749,114829.68,52,1.06,2432.79,31
750,2019.25,5,0.15,469.02,170
751,6781.62,7,0.51,949.45,64
752,28248.08,18,0.28,1267.38,109
753,12828.4,20,0.16,749.87,11
754,13004.64,16,0.34,793.52,120
755,28555.04,21,0.42,1360.6,53
756,11377.9,17,0.36,796.82,61
757,124272.61,54,1.58,1997.62,7
758,9445.87,18,0.87,636.26,112
759,1494.17,3,0.45,423.99,74
760,22567.4,16,0.34,1196.07,48
761,42205.45,24,0.82,2004.87,4
762,823.01,2,0.14,442.41,125
763,12875.01,14,0.24,776.93,62
764,1758.11,4,0.3,524.95,206
765,2424.23,6,0.23,361.31,170
766,3159.89,7,0.3,548.88,158
767,72136.33,39,1.36,1574.91,40
768,36359.54,28,0.98,1449.8,21
769,15532.94,18,0.74,707.69,66
770,8237.77,9,0.1,777.59,145
771,55298.32,33,1.62,1959.24,45
772,3507.15,9,0.56,510.6,70
773,4729.7,8,0.27,548.73,89
774,1216.07,5,0.22,299.08,112
775,6338.36,11,0.42,477.14,94
776,6422.09,8,0.42,783.74,178
777,69187.15,52,1.18,1183.26,39
778,4133.4,7,0.25,490.25,203
779,15095.07,13,0.38,1214.47,66
780,15953.12,18,1.02,900.15,9
781,134073.14,49,0.95,2415.13,31
782,2553.69,4,0.19,667.9,180
783,11690.98,18,0.7,687.4,101
784,8326.13,14,0.33,525.25,90
785,1602.25,5,0.37,335.04,176
786,758.59,3,0.3,238.81,68
787,16295.68,21,0.26,628.4,12
788,36116.1,24,1.57,1351.38,9
789,4202.75,10,0.41,463.99,37
790,3173.59,6,0.17,451.39,48
791,318.4,1,0.06,323.23,140
792,85121.74,34,0.68,2207.6,1
793,15307.58,20,0.3,684.8,14
794,62552.44,31,1.94,1656.52,44
795,36671.58,20,1.28,2091.56,36
796,8167.11,12,0.8,792.41,16
797,66569.55,45,1.69,1419.22,11
798,6528.75,13,0.59,458.48,15
799,8027.96,10,0.34,802.83,21
800,16649.74,16,0.62,1334.31,107
801,5275.37,9,0.39,569.54,39
802,15714.99,17,0.7,1215.25,66
803,6666.56,10,0.51,688.16,15
804,12069.15,21,0.56,630.29,33
805,6575.27,11,0.49,515.43,29
806,10066.73,20,0.53,450.68,91
807,3069.2,6,0.16,654.41,101
808,1963.16,7,0.24,273.42,214
809,13584.81,16,0.23,839.31,51
810,30605.85,26,0.8,1185.82,3
811,105390.67,54,1.49,1926.8,25
812,714.38,5,0.28,181.91,96
813,2465.05,4,0.23,576.24,60
814,27172.19,19,0.68,1230.93,111
815,9818.87,7,0.38,1147.59,116
816,364.58,2,0.25,215.8,99
817,13264.56,13,0.57,991.53,32
818,4206.31,6,0.31,588.42,219
819,42796.21,29,1.01,1779.94,33
820,7558.35,8,0.26,756.79,120
821,4127.42,7,0.38,646.72,150
822,8486.04,12,0.84,806.31,80
823,7686.1,8,0.34,773.89,40
824,15804.84,22,0.15,578.33,48
825,8743.44,16,0.86,470.62,115
826,3540.25,9,0.09,511.61,186
827,6162.12,10,0.34,701.74,84
828,19824.34,18,0.7,990.61,37
829,1626.14,3,0.33,467.38,216
830,40486.3,37,1.07,959.79,37
831,2672.01,6,0.2,376.15,151
832,2714.27,4,0.42,635.99,194
833,5344.83,7,0.39,739.54,15
834,7327.34,13,0.7,595.54,96
835,11160.15,22,0.37,535.58,65
836,33674.95,23,1.32,1661.37,4
837,22302.75,19,0.72,1185.13,26
838,104346.3,43,1.34,1943.6,13
839,7356.89,13,0.47,518.06,109
840,8277.86,9,0.42,1088.16,64
841,7499.02,6,0.89,1181.2,31
842,5146.98,8,0.05,555.07,152
843,36635.04,41,0.67,1149.59,6
844,2351.82,3,0.04,714.69,113
845,77525.33,46,0.81,1653.9,22
846,28523.42,22,0.51,1162.84,80
847,25058.12,19,1.29,1502.57,43
848,63744.36,30,0.91,2162.7,40
849,971.47,2,0.31,402.62,109
850,5223.83,9,0.44,468.12,93
851,11963.97,9,0.8,1308.68,72
852,93071.97,50,1.89,2446.87,36
853,13482.21,22,0.45,739.68,72
854,16591.05,17,0.33,787.61,48
855,8462.57,7,0.82,1044.5,59
856,153641.05,53,0.73,2418.59,15
857,9661.45,8,0.87,1143.4,76
858,13592.98,13,0.26,846.47,83
859,2172.56,6,0.12,441.96,73
860,18269.86,12,0.67,1269.46,49
861,5761.3,7,0.31,797.2,77
862,46110.09,22,0.78,1791.74,8
863,36399.88,19,1.94,2124.7,27
864,1047.79,5,0.07,248.77,88
865,2354.22,5,0.13,543.64,196
866,8943.91,17,0.51,525.5,109
867,8696.19,17,0.52,624.78,59
868,38069.77,20,1.89,1553.74,1
869,17230.33,12,0.28,1169.89,18
870,20238.99,21,0.49,1103.47,120
871,6519.84,7,0.44,1027.53,115
872,23545.75,22,0.74,1059.32,100
873,8518.15,7,0.54,1283.89,41
874,3055.48,9,0.43,401.81,201
875,17085.78,15,0.5,1184.99,46
876,8303.47,7,0.5,1105.46,28
877,59354.08,50,1.91,1081.07,38
878,65188.21,44,0.77,1417.54,2
879,3172.1,4,0.14,723.66,63
880,2041.68,3,0.07,616.94,71
881,9382.23,8,0.7,947.63,59
882,7441.45,11,0.18,809.74,58
883,6680.58,10,0.28,604.02,28
884,14416.01,15,0.37,1143.65,67
885,608.46,4,0.04,152.3,104
886,6439.45,6,0.33,1027.58,73
887,14416.43,19,0.6,869.78,86
888,5507.93,12,0.19,496.47,28
889,47613.67,20,0.95,1967.19,39
890,115644.4,44,1.51,2489.98,11
891,18294.17,11,0.58,1367.98,105
892,59183.66,37,1.73,1416.51,25
893,803.0,2,0.08,340.34,74
894,14039.14,19,0.31,948.41,99
895,32131.81,22,0.69,1387.83,71
896,2218.25,5,0.14,427.58,121
897,11017.18,10,0.54,1033.58,73
898,17583.25,11,0.68,1289.48,39
899,26662.13,19,1.61,1643.82,8
900,18475.38,19,0.41,843.34,52
901,11991.13,12,0.74,1105.52,42
902,17363.02,16,0.66,1178.68,24
903,634.85,1,0.17,690.83,89
904,20986.35,21,0.25,1207.39,92
905,15955.48,16,0.46,889.35,114
906,2632.46,5,0.16,517.21,213
907,23897.14,16,0.42,1209.56,111
908,5426.38,6,0.62,772.19,58
909,12725.91,18,0.8,628.01,24
910,3662.97,6,0.2,611.4,109
911,22312.42,20,0.31,1237.98,48
912,32701.69,20,1.17,2144.46,6
913,14645.07,22,0.84,596.37,53
914,11432.0,16,0.77,586.13,22
915,7138.31,10,0.49,644.93,14
916,4683.45,6,0.67,745.43,15
917,117844.68,47,1.28,2322.7,7
918,13416.49,15,0.39,1056.91,36
919,15624.32,16,0.24,1184.15,95
920,6964.8,6,0.54,1360.38,81
921,11739.3,16,0.75,707.5,100
922,53969.27,37,1.31,1881.22,22
923,21245.42,21,0.63,1069.48,4
924,3740.03,8,0.17,550.6,119
925,1441.18,9,0.27,201.05,159
926,1885.06,8,0.32,213.22,119
927,18577.21,13,0.8,1350.08,28
928,2224.17,7,0.17,269.18,210
929,9946.46,21,0.23,478.75,70
930,3258.71,5,0.27,649.16,194
931,6159.81,9,0.2,759.58,93
932,15902.53,19,0.56,676.65,41
933,11838.71,16,0.59,647.83,98
934,16789.28,16,0.28,967.3,40
935,1843.91,8,0.22,224.31,192
936,845.13,3,0.06,350.22,143
937,2019.74,7,0.31,362.82,205
938,652.14,1,0.09,642.1,209
939,11444.22,20,0.81,635.88,97
940,4510.39,5,0.33,747.03,151
941,445.52,1,0.2,547.47,170
942,22868.78,17,0.15,1306.02,16
943,1563.16,2,0.13,709.81,47
944,18425.46,16,0.44,1126.18,61
945,14818.95,21,0.44,582.12,81
946,765.26,3,0.08,337.51,211
947,14048.85,10,0.64,1135.27,72
948,59979.95,26,1.79,1927.59,27
949,20314.92,19,0.53,1042.09,68
950,11735.9,17,0.6,664.45,64
951,2508.13,4,0.2,612.88,108
952,7206.25,7,0.43,989.74,100
953,601.93,2,0.44,242.36,174
954,3088.05,8,0.4,486.02,173
955,7974.06,8,0.75,1099.87,79
956,68919.7,39,1.2,1756.05,1
957,11338.59,16,0.37,849.97,112
958,18215.47,15,0.35,1140.62,82
959,7981.62,7,0.76,1073.5,47
960,4056.91,8,0.79,570.48,19
961,37800.63,35,0.52,1340.35,17
962,132157.48,55,1.17,2082.35,43
963,9074.93,13,0.55,910.67,112
964,1814.95,3,0.38,537.1,79
965,10144.5,18,0.69,676.05,66
966,6890.08,17,0.72,501.61,43
967,80484.61,43,1.62,1661.97,31
968,16277.13,18,0.51,1099.33,59
969,306.59,1,0.19,337.71,154
970,4663.65,7,0.63,542.5,78
971,9439.42,14,0.75,768.22,44
972,25725.89,20,0.33,1184.49,105
973,3013.5,9,0.45,369.31,216
974,40659.87,18,1.12,2230.7,1
975,8585.7,17,0.34,658.45,46
976,8061.4,7,0.82,1341.58,94
977,10632.92,9,0.21,1122.67,25
978,12843.03,11,0.29,1301.2,99
979,9267.32,8,0.73,1056.84,45
980,12651.05,16,0.21,694.47,109
981,19710.04,16,0.87,1396.16,43
982,24328.57,21,0.61,1380.45,35
983,10326.61,10,0.31,963.6,65
984,1209.2,5,0.06,217.14,58
985,549.87,1,0.3,732.73,78
986,52677.84,42,0.99,1326.3,45
987,93046.41,49,1.77,1665.02,26
988,3095.89,9,0.43,296.8,138
989,13897.14,17,0.45,766.77,48
990,759.32,2,0.06,387.48,127
991,1144.33,4,0.44,264.8,50
992,23271.37,18,0.67,1301.64,90
993,3831.48,8,0.04,627.96,75
994,2006.23,4,0.36,468.0,56
995,21290.64,20,0.18,1368.25,12
996,448.18,1,0.37,413.58,94
997,8867.78,10,0.84,1154.0,39
998,34587.96,19,0.57,1653.95,40
999,44289.31,29,1.73,1912.26,20
1000,10281.4,8,0.24,1226.91,23
